keys,en,zh_CN
SETTINGS_TITLE,Settings,设置
SETTINGS_RESET,Reset to defaults,恢复默认设置
WINDOW_CLOSE,Close,关闭
CLASS.1,Frigate,护卫舰
CLASS.2,Destroyer,驱逐舰
CLASS.3,Cruiser,巡洋舰
CLASS.4,Battlecruiser,战列巡洋舰
CLASS.5,Battleship,战列舰
FACTION.amarr,Amarr,艾玛
FACTION.caldari,Caldari,加达里
FACTION.gallente,Gallente,盖伦特
FACTION.minmatar,Minmatar,米玛塔尔
WEAPON.laser,Energy Turret,激光炮
WEAPON.hybrid,Hybrid Turret,混合炮
WEAPON.proj,Projectile Turret,射弹炮
WEAPON.missile,Missile Launcher,导弹
DEFENSE.shield,Shield,盾抗
DEFENSE.armor,Armor,甲抗
ROLE.attack,Attack,攻击型
ROLE.defense,Defense,防御型
ROLE.logi,Logistics,后勤
SHIP.condor,Condor,小鹰级
SHIP.bantam,Bantam,矮脚鸡级
SHIP.kestrel,Kestrel,茶隼级
SHIP.incursus,Incursus,因卡萨斯级
SHIP.tristan,Tristan,特里斯坦级
SHIP.navitas,Navitas,纳维达斯级
SHIP.slasher,Slasher,伐木者级
SHIP.burst,Burst,爆发级
SHIP.rifter,Rifter,裂谷级
SHIP.punisher,Punisher,惩罚者级
SHIP.inquisitor,Inquisitor,检察官级
SHIP.executioner,Executioner,刽子手级
SHIP.cormorant,Cormorant,海燕级
SHIP.corax,Corax,渡鸦级
SHIP.catalyst,Catalyst,促进级
SHIP.algos,Algos,阿尔格斯级
SHIP.talwar,Talwar,弯刀级
SHIP.thrasher,Thrasher,长尾鲛级
SHIP.coercer,Coercer,强制者级
SHIP.dragoon,Dragoon,龙骑兵级
SHIP.moa,Moa,巨鸟级
SHIP.caracal,Caracal,狞獾级
SHIP.osprey,Osprey,鱼鹰级
SHIP.thorax,Thorax,托勒克斯级
SHIP.vexor,Vexor,狂怒者级
SHIP.exequror,Exequror,送葬者级
SHIP.stabber,Stabber,刺客级
SHIP.rupture,Rupture,断崖级
SHIP.scythe,Scythe,镰刀级
SHIP.omen,Omen,启示级
SHIP.augoror,Augoror,奥格诺级
SHIP.maller,Maller,暴君级
SHIP.drake,Drake,幼龙级
SHIP.ferox,Ferox,猛鲑级
SHIP.brutix,Brutix,布鲁提克斯级
SHIP.myrmidon,Myrmidon,弥尔米顿级
SHIP.cyclone,Cyclone,飓风级
SHIP.hurricane,Hurricane,暴风级
SHIP.prophecy,Prophecy,先知级
SHIP.harbinger,Harbinger,先驱者级
SHIP.raven,Raven,乌鸦级
SHIP.scorpion,Scorpion,毒蝎级
SHIP.rokh,Rokh,鹏鲲级
SHIP.megathron,Megathron,万王宝座级
SHIP.hyperion,Hyperion,亥伯龙神级
SHIP.dominix,Dominix,多米尼克斯级
SHIP.typhoon,Typhoon,台风级
SHIP.maelstrom,Maelstrom,死亡漩涡级
SHIP.tempest,Tempest,狂暴级
SHIP.abaddon,Abaddon,地狱天使级
SHIP.armageddon,Armageddon,末日沙场级
SHIP.apocalypse,Apocalypse,灾难级
TRAITGROUP.faction,Faction,势力 FACTION
TRAITGROUP.weapon,Weapon,武器 WEAPON
TRAITGROUP.defense,Defense,防御 DEFENSE
MENU_BRAND,EVE Auto Chess,EVE 自走棋
MENU_CONTINUE,Continue Run,继续上局
MENU_SETTINGS,Settings,设置
MENU_REPLAY_INTRO,Replay Intro,回看片头
MENU_QUIT,Quit,退出游戏
MENU_VERSION,Version V%s,当前版本 V%s
MENU_MODES_CAP,GAME MODE,游戏模式　MODE
MENU_START,▶ Start %s,▶　开始%s
CARD_TODO,Coming soon,待开发
MODE_CAMPAIGN_NAME,Campaign,任务关卡
MODE_CAMPAIGN_META,%d rounds · %d difficulties,%d 回合 · 共 %d 个难度
MODE_CARDROOM_NAME,Recreation Hub,娱乐总汇
MODE_CARDROOM_META,Dou Dizhu · playable,斗地主 · 可试玩
MODE_ENDLESS_NAME,Endless,无尽模式
MODE_ENDLESS_META,Best record —,最高纪录　—
MODE_VERSUS_NAME,Multiplayer,多人对战
MODE_VERSUS_META,Opening soon,即将开放
MODE_CREDITS_NAME,Copyright,版权声明
MODE_CREDITS_META,Credits · open-source licenses,致谢 · 开源许可
CARD_GUARD_BORDER_NAME,Guard the Border,守卫边境
CARD_GUARD_BORDER_CODE,GUARD THE BORDER · Difficulty 1,GUARD THE BORDER · 第 1 难度
CARD_GUARD_BORDER_DESC,"Difficulty 1. Fifteen consecutive rounds of skirmishes along the border line; the enemy escalates from roaming pirates to a regular fleet. Clear round 15 to finish, which unlocks Difficulty 2.",第一难度。边境线上连续 15 个回合的遭遇战，敌人从游荡的海盗逐步升级为正规舰队。打完第 15 回合即通关，通关后解锁第二难度。
CARD_FLEET_ASSEMBLY_NAME,Fleet Assembly,舰队集结
CARD_FLEET_ASSEMBLY_CODE,FLEET ASSEMBLY · Difficulty 2,FLEET ASSEMBLY · 第 2 难度
CARD_FLEET_ASSEMBLY_DESC,"Difficulty 2. Twenty-five rounds; the enemy advances in formed fleets, one tier above Difficulty 1 in both scale and strength. You must clear Difficulty 1 first — not developed yet.",第二难度。25 个回合，敌人以成建制的舰队推进，规模与强度都比第一难度高一档。需先通关第一难度才解锁，目前尚未开发。
CARD_ENDLESS_WAR_NAME,Endless War,无边战火
CARD_ENDLESS_WAR_CODE,ENDLESS WAR · Difficulty 3,ENDLESS WAR · 第 3 难度
CARD_ENDLESS_WAR_DESC,Difficulty 3. Scale and strength rise another tier; the round count is still TBD. You must clear Difficulty 2 first — not developed yet.,第三难度。规模与强度再上一档，回合配置待定。需先通关第二难度才解锁，目前尚未开发。
CARD_DOUDIZHU_NAME,Dou Dizhu,斗地主
CARD_DOUDIZHU_DESC,"One deck, three opponents. Bid for the landlord, bombs, and the rocket.",一副牌，三个对手。抢地主、炸弹、王炸。
CARD_SICHUAN_NAME,Sichuan Mahjong,川麻
CARD_SICHUAN_DESC,"Sichuan Mahjong · blood battle to the end. Missing one suit, wind and rain.",四川麻将 · 血战到底。缺一门、刮风下雨。
CARD_RIICHI_NAME,Riichi Mahjong,日麻
CARD_RIICHI_DESC,"Riichi Mahjong. Yaku, dora, furiten.",立直麻将。役种、宝牌、振听。
CARD_SHENGJI_NAME,Shengji,升级
CARD_SHENGJI_DESC,"Tractor · 4 players in 2 teams. Declaring and counter-declaring trump, discarding to the bottom.",拖拉机 · 4 人 2 队。亮主反主、甩牌抠底。
CARD_ENDLESS_NAME,Endless,无尽模式
CARD_ENDLESS_DESC,"No finish line. Wave after wave of enemy fleets; the higher the wave, the heavier the tonnage and the dirtier the composition. Hold out until you cannot — the only thing that counts is how far you get.",没有终点。一波接一波的敌方舰队，波数越高吨位越重、编制越脏。撑到撑不住为止，只比谁走得更远。
CARD_VERSUS_NAME,Multiplayer,多人对战
CARD_VERSUS_DESC,"Compete against other commanders on the same board — eight players, each for themselves. Opponent compositions keep changing and there is no fixed answer; this mode is reserved for later.",与其他指挥官同场博弈，八人各自为战。对手的阵容在变化，没有固定解法 —— 这是留给后期的模式。
CARD_K_PLAY,Game,玩法
CARD_K_OPP,Opponents,对手
CARD_K_STATUS,Status,状态
CARD_K_END,End,终点
CARD_K_RECORD,Record,纪录
CARD_K_REQ,Requires,前置
CARD_K_ROUNDS,Rounds,回合数
CARD_K_UNLOCK,Unlock,解锁
CARD_V_CPU3,CPU · 3 players,电脑 · 3 人
CARD_V_FLEET4,CPU fleet · 4 factions,电脑舰队 · 4 派系
CARD_V_FLEET_FORMAL,CPU fleet · formed,电脑舰队 · 成建制
CARD_V_FLEET_WAVES,CPU fleet · endless waves,电脑舰队 · 无限波次
CARD_V_PLAYERS8,Other players · 8,其他玩家 · 8 人
CARD_V_TBD,TBD,待定
CARD_V_OPEN,Available,可进入
CARD_V_WIP,In development,开发中
CARD_V_CLOSED,Not yet open,尚未开放
CARD_V_UNLOCK_DEFAULT,Open by default,默认开放
CARD_V_NO_END,None · until wiped out,无 · 直到全灭
CARD_V_LAST_ALIVE,Last survivor wins,最后存活者获胜
CARD_V_NEED_NET,Requires network and server,需要联网与服务器
CARD_V_PLAY_DDZ,Dou Dizhu,斗地主
CARD_V_PLAY_SICHUAN,Sichuan Mahjong,四川麻将
CARD_V_PLAY_RIICHI,Riichi Mahjong,立直麻将
CARD_V_PLAY_SHENGJI,Shengji,升级
CARD_V_ROUNDS15,15 rounds,15 回合
CARD_V_ROUNDS25,25 rounds,25 回合
CARD_V_UNLOCK_T1,Clear Difficulty 1,通关第 1 难度
CARD_V_UNLOCK_T2,Clear Difficulty 2,通关第 2 难度
MENU_TOAST_DDZ,"Dou Dizhu is in development — the rules core and the AI opponents are being built. Once it opens, this button takes you straight to the table.",斗地主制作中 —— 规则内核与人机对战开发中，开放后这里直接进牌局
MENU_TOAST_MODE_WIP,%s is still in development,「%s」还在开发中
MENU_TOAST_NO_RUN,No run to continue,没有可继续的对局
CREDITS_H_GAME,The Game · GAME,游戏本体 · GAME
CREDITS_GAME_1,The game architecture and all scripts of EVE Auto Chess (EVE-AutoChess) are created by Xingshi Huanyu and released under the GNU GPL v3.,EVE 自走棋（EVE-AutoChess）的游戏架构与全部脚本由 星视寰宇 创作，以 GNU GPL v3 开源。
CREDITS_GAME_2,Source code: https://github.com/xshynews/EVE-AutoChess,源码地址：https://github.com/xshynews/EVE-AutoChess
CREDITS_GAME_3,Copyright © 2026 xshynews · Derivative works must likewise be released under GPL v3.,Copyright © 2026 xshynews · 衍生作品须同样以 GPL v3 开源。
CREDITS_H_ART,EVE Theme & Art Assets · EVE IP & ART,EVE 题材与美术素材 · EVE IP & ART
CREDITS_ART_1,"Copyright in the EVE-related IP and assets (ship models, icons, textures, etc.) belongs to Fenris Creations (the company renamed from CCP Games in May 2026; CCP originally stood for Crowd Control Productions).",EVE 相关的 IP 与素材（舰船模型、图标、贴图等）著作权归 Fenris Creations 所有（该公司于 2026 年 5 月由 CCP Games 更名而来，CCP 原名 Crowd Control Productions）。
CREDITS_ART_2,"This project claims no rights to these assets; the related content is not covered by GPL v3 and is used only for study, development and personal experience.",本项目不持有这些素材的任何权利，相关内容不在 GPL v3 覆盖范围内，仅用于学习、开发与体验目的。
CREDITS_H_MUSIC,Background Music · MUSIC,背景音乐 · MUSIC
CREDITS_MUSIC_1,Original composer of the four BGM tracks: Wuya Producer (CrowProducer).,四首 BGM 原曲作者：乌鸦Producer。
CREDITS_MUSIC_2,The version used here was rearranged with AI assistance to fit the game length and to loop seamlessly; copyright in the original tracks remains with the original composer.,本项目使用的版本为适配游戏时长与无缝循环经 AI 重编曲处理，原曲版权仍归原作者所有。
CREDITS_H_LICENSE,Open-source License · LICENSE,开源许可 · LICENSE
CREDITS_LICENSE_1,Code: GNU GPL v3 (Copyright © 2026 xshynews).,代码：GNU GPL v3（Copyright © 2026 xshynews）。
CREDITS_LICENSE_2,Art / audio assets: property of Fenris Creations and the original authors; not covered by this project's license.,美术 / 音频素材：归 Fenris Creations 及原作者所有，非本项目许可证覆盖范围。
SET_GROUP_AUDIO,Audio  AUDIO,音频  AUDIO
SET_GROUP_DISPLAY,Display  DISPLAY,显示  DISPLAY
SET_GROUP_INTERFACE,Interface  INTERFACE,界面  INTERFACE
SET_GROUP_RENDER,Render  RENDER,画面  RENDER
SET_GROUP_BATTLE_UI,Battle UI  BATTLE UI,战斗界面  BATTLE UI
SET_GROUP_ACTION,Action  ACTION,操作  ACTION
SET_GROUP_SYSTEM,System  SYSTEM,系统  SYSTEM
SET_GROUP_RESET,Reset  RESET,重置  RESET
SET_VOL_MASTER,Master,总音量
SET_VOL_SFX,SFX,音效
SET_VOL_AMB,Ambience,环境
SET_VOL_MUSIC,Music,音乐
SET_MUTE,Mute,静音
SET_LANG,Language LANGUAGE · %s,语言 LANGUAGE · %s
RES_AUTO,Adaptive,自适应
SET_RES_NOTE,★ = recommended · Adaptive = follow your screen,★ = 推荐档 · 自适应 = 跟随屏幕
SET_UISCALE_AUTO,Auto,自动
SET_FONT_SCALE,Font size,字号
SET_BG_CALDARI_C07,Caldari C07,加达里 C07
SET_BG_CALDARI_C02,Caldari C02,加达里 C02
SET_BG_GALLENTE_G03,Gallente G03,盖伦特 G03
SET_BG_AMARR_A03,Amarr A03,艾玛 A03
SET_MOOD_0,Clear,通透
SET_MOOD_1,Atmospheric,氛围
SET_TOGGLE_FOG,Space fog,空间雾
SET_TOGGLE_RINGS,Range rings,射程环
SET_TOGGLE_BOARD,Board grid,棋盘
TOGGLE_ON,[ON],[开]
TOGGLE_OFF,[OFF],[关]
SET_ACT_CAMERA,Reset camera,相机复位
SET_ACT_RESTART,Restart run,重开一局
SET_ACT_BACK_BATTLE,Abandon run · back to menu,放弃本局 · 回主界面
SET_ACT_BACK_LOUNGE,Back to main menu,返回主界面
SET_PAUSE_RESUME,▶ Resume,▶ 继续对局
SET_PAUSE_PAUSE,‖ Pause,‖ 暂停对局
SET_DEBUG_COINS,+%d credits,+%d 星币
SET_RESET_DONE,✓ Restored defaults,✓ 已恢复默认
SET_HINT_BATTLE,Hotkeys  Space pause/resume · C reset camera · B board · R restart,快捷键  空格 暂停/继续 · C 相机复位 · B 棋盘 · R 重开
SET_HINT_MENU_DESKTOP,Volume and resolution apply instantly; the main menu is a fixed layout and keeps the font size set in battle.,音量与分辨率即时生效；主界面为固定版面，字号沿用战斗设置
SET_HINT_MENU_MOBILE,Volume applies instantly; UI scale and font size take effect in battle (the main menu is a fixed layout).,音量即时生效；界面缩放与字号在战斗中生效（主界面为固定版面）
SET_HINT_LOUNGE,Resolution and font size apply instantly; the card table does not use UI scaling.,分辨率与字号即时生效；牌桌不参与「界面缩放」
WINDOW_COLLAPSE_TIP,Collapse / expand (or double-click the title bar),收起 / 展开（也可以双击标题栏）
RESULT_TITLE,Node Report,节点结算
RESULT_WIN,Interception Successful,拦截成功
RESULT_LOSE,Interception Failed,拦截失败
RESULT_SUB,Node 1 / 15 · Skirmish,节点 1 / 15 · 遭遇战
RESULT_SUB_FMT,Node %d / 15 · %s%s,节点 %d / 15 · %s%s
RESULT_STAGE_SKIRMISH,Skirmish,遭遇战
RESULT_KILL,Destroyed,击毁
RESULT_SHIPS_0,0 ships,0 艘
RESULT_SHIPS_N,%d ships,%d 艘
RESULT_ALIVE,Own Surviving,我方存活
RESULT_XP,XP,经验
RESULT_WRECK,Wrecks,残骸
RESULT_WRECK_N,%d awaiting salvage,%d 艘待打捞
RESULT_NONE,None,无
RESULT_END,End Run,结束本局
RESULT_NEXT,Continue · Next Node,继续 · 下一节点
RESULT_AGAIN,↻ Play Again,↻ 再来一局
RESULT_SALVAGE_TITLE,Salvage Wrecks,打捞 残骸
RESULT_SALVAGE_HINT,Ordering pays at once · delivered next node,下单即付款 · 下节点到账占位
RESULT_SALVAGE_CLOSE_TIP,Collapse the salvage area (wrecks are kept),收起打捞区（残骸仍保留）
RESULT_SALVAGE_ROW,Node %d · %s ★%d,节点 %d · %s ★%d
RESULT_SALVAGE_BTN,Salvage,打捞
RESULT_SALVAGE_WARN,⚠ Deciding later forfeits them (%d ships),⚠ 不决定就作废（%d 艘）
RESULT_SALVAGE_EMPTY,No wrecks yet — destroyed ships show up here,暂无残骸 —— 舰船被击毁后会出现在这里
RESULT_SALVAGE_QUEUE,Repair queue (arrives next round): %s,修复队列（下回合到账）：%s
RESULT_COIN,Holding %d credits,持有 %d 星币
RESULT_SALVAGE_ASK_TITLE,Give Up Salvage,放弃打捞
RESULT_SALVAGE_ASK_OK,Give Up,确定放弃
RESULT_SALVAGE_ASK_CANCEL,Back to Choosing,回去再选
RESULT_ENDING_CLEARED,The Frontier Is Cleared,遥望边境已肃清
RESULT_ENDING_BEACON,Beacon at Zero · Withdraw,信标归零 · 撤离
SHOP_TITLE,Shop,商店
SHOP_COIN_UNIT,Credits,星币
SHOP_REFRESH,↻ Reroll %d,↻ 刷新 %d
SHOP_LEVELUP,▲ Level Up %d,▲ 加速等级 %d
SHOP_LOCK,✦ Lock Roster,✦ 锁定加速列表
SHOP_LOCKED,✦ Roster Locked,✦ 已锁定加速列表
SHOP_BOUGHT,Purchased,已买走
SHOP_SALVAGE,Refit %s,修复 %s
SHOP_CARD_STAT,"%s · %s
ATK %d　%s %d","%s · %s
攻 %d　%s %d"
SHOP_DEF_SHIELD,SH,盾
SHOP_DEF_ARMOR,AR,甲
SHOP_SALVAGE_HEAD,To Salvage,待打捞
SHOP_SALVAGE_HINT,"Pick wrecks
on the battle result","打捞请在
战斗结算页选"
SHOP_SALVAGE_HEAD_N,To Salvage %d,待打捞 %d
SHOP_WRECK_STAT,Strike %d · %s %d,打击 %d · %s %d
SHOP_WRECK_BOOSTED,Boosted,强化
SHOP_WRECK_DEFENSE,Defense,防御
SHOP_WRECK_ORDER,Order −%d ◆,下单 −%d ◆
SHOP_NEXT_NODE,Arrives next node,下节点到账
SHOP_REPAIRING,Refitting,修复中
SHOP_NEXT_NODE_SLOT,"Arrives next node
replaces 1 cargo slot","下节点到账
顶掉 1 个货位"
SHOP_BENCH,Bench %d / %d,备战席 %d / %d
SHOP_SELL_HINT,Drag here to sell · ◆ refunded,拖到此处出售 · 返还 ◆
DOSSIER_TITLE,Ship Dossier,舰船档案
DOSSIER_EMPTY_H,Select a ship,点击舰船查看
DOSSIER_EMPTY_P,"Battlefield / Bench / Shop card
click any one of them","战场 / 备战席 / 商店卡
任一处点选即可"
DOSSIER_NONE,None Selected,未选中
DOSSIER_HP_SHIELD,Shield,护盾
DOSSIER_HP_ARMOR,Armor,装甲
DOSSIER_HP_HULL,Hull,结构
DOSSIER_ATTR_ATTACK,Attack,攻击
DOSSIER_ATTR_INTERVAL,Interval,攻击间隔
DOSSIER_ATTR_RANGE,Range,射程
DOSSIER_ATTR_SPEED,Speed,移速
DOSSIER_ATTR_SIG,Signature,信号半径
DOSSIER_ATTR_CLASS,Class,吨位
DOSSIER_RANGE,%d cells,%d 格
DOSSIER_SPEED,%.2f cells/s,%.2f 格/s
DOSSIER_ROLE_NONE,Role　—,定位　—
DOSSIER_META,%s · %s · %d cost,%s · %s · %d 费
DOSSIER_ROLE,Role　%s%s,定位　%s%s
DOSSIER_LOGI,(Logistics),（后勤）
DOSSIER_TRAIT_ACTIVE,Active,已生效
DOSSIER_TRAIT_AWAY,%d tier(s) short,差 %d 档
CARD_TYPE_INVALID,Invalid,非法
CARD_TYPE_SINGLE,Single,单
CARD_TYPE_PAIR,Pair,对
CARD_TYPE_TRIPLE,Triple,三张
CARD_TYPE_TRIPLE_ONE,Triple + 1,三带一
CARD_TYPE_TRIPLE_TWO,Triple + 2,三带二
CARD_TYPE_STRAIGHT,Straight,顺子
CARD_TYPE_STRAIGHT_PAIR,Consecutive Pairs,连对
CARD_TYPE_PLANE,Plane,飞机
CARD_TYPE_PLANE_ONE,Plane + Singles,飞机带单
CARD_TYPE_PLANE_TWO,Plane + Pairs,飞机带对
CARD_TYPE_FOUR_TWO_SINGLE,Four + Two,四带二
CARD_TYPE_FOUR_TWO_PAIR,Four + Two Pairs,四带两对
CARD_TYPE_BOMB,Bomb,炸弹
CARD_TYPE_ROCKET,Rocket,王炸
CARD_TYPE_UNKNOWN,?,?
DDZ_ROLE_LANDLORD,Landlord,地主
DDZ_ROLE_FARMER,Farmer,农民
DDZ_ROLE_TBD,TBD,待定
DDZ_ROLE_NONE,Role Unset,身份未定
DDZ_TBD,Undecided,未定
DDZ_SEAT_0,You,你
DDZ_SEAT_1,Next,下家
DDZ_SEAT_2,Previous,上家
DDZ_SEAT_LL,(Landlord),（地主）
DDZ_SEAT_FA,(Farmer),（农民）
DDZ_WIN,You Win,你赢了
DDZ_LOSE,You Lose,你输了
DDZ_PASS,Pass,不要
DDZ_UNIT_CARD,cards,张
DDZ_COIN,Fun Coins %s,娱乐币 %s
DDZ_ALL_OUT,All Played,已出完
DDZ_TOP_TITLE,Dou Dizhu · Solo (you + 2 AI),斗地主 · 单机（你 + 两个 AI）
DDZ_TOP_BASE,Base ×%d    ·    Landlord %s,底分 ×%d    ·    地主 %s
DDZ_BOTTOM,Bottom Cards,底牌
DDZ_BOTTOM_HIDDEN,(revealed after bidding),（叫完才亮）
DDZ_HAND_DEALING,Your hand · %d / %d cards　dealing…,你的手牌 · %d / %d 张　发牌中…
DDZ_HAND_TITLE,Your hand · %d cards · %s%s,你的手牌 · %d 张 · %s%s
DDZ_NEW_BOTTOM,　★ Bottom cards added (the 3 lifted),　★ 底牌已加入（抬起的 3 张）
DDZ_HAND_DEAL_HINT,Dealing — bid after the deal,发牌中 —— 发完才轮到你叫地主
DDZ_SEL_BID,Decide after seeing your hand: Pass / 1 / 2 / 3 (higher bid = higher base score),看完这手牌再决定：不叫 / 1 分 / 2 分 / 3 分（分数越高底分越大）
DDZ_SEL_WAIT,Waiting for other bids…,等别家叫分…
DDZ_SEL_NONE,"No cards selected — click to select (right click clears, Hint helps)",未选牌 —— 点手牌选择（右键清空，「提示」帮你想）
DDZ_SEL_BAD,Selected %s — not a legal combo,已选 %s —— 不是合法牌型
DDZ_SEL_OK,Selected %s（%s）,已选 %s（%s）
DDZ_OVER_DELTA,%s wins · fun coins %+d,%s 胜 · 本局娱乐币 %+d
DDZ_OVER_TOTAL,Total %s · %d wins / %d games,累计 %s · %d 胜 / %d 局
DDZ_LOG_NEW_GAME,—— New game (seed %d) ——,—— 新一局（seed %d）——
DDZ_LOG_LANDLORD,★ Landlord = %s · bottom %s,★ 地主 = %s · 底牌 %s
DDZ_LOG_PLAY,%s plays %s（%s）,%s 出 %s（%s）
DDZ_LOG_WIN,★ %s wins —— %s,★ %s 胜 —— %s
DDZ_LOG_PASS,%s passes,%s 不要
DDZ_LOG_NEW_ROUND,"—— New round, %s leads",—— 新一轮，%s 先出
DDZ_AUTO,Autoplay%s,托管%s
DDZ_AUTO_ON,on — your seat is handed to the AI,已开 —— 你的座位交给电脑
DDZ_AUTO_OFF,off,已关
DDZ_STATUS_IDLE,"Press Start to deal — one deck, three players, you play one",点「开始游戏」发牌 —— 一副牌，三个人，你打一家
DDZ_STATUS_DEALING,Dealing…,发牌中…
DDZ_STATUS_OVER,%s wins · %s,%s 胜 · %s
DDZ_STATUS_BIDDING,Bidding —— %s,叫分中 —— %s
DDZ_STATUS_BID_YOU,your turn (pass / 1~3),轮到你了（不叫 / 1~3 分）
DDZ_STATUS_THINKING,%s thinking…,%s 思考中…
DDZ_STATUS_LEAD,"Your turn — new round, lead anything",轮到你了 —— 新一轮，你随意出
DDZ_STATUS_FOLLOW,Your turn — must beat %s's %s,轮到你了 —— 要压过 %s 的 %s
DDZ_STATUS_THINKING_N,%s thinking…（%d cards left）,%s 思考中…（还剩 %d 张）
DDZ_ERR_AI_PLAY,⚠ AI failed to play (seat %d) — see the log on the right,⚠ AI 出牌失败（座位 %d）—— 见右侧记录
DDZ_ERR_AI_PASS,⚠ AI failed to pass (seat %d) — see the log on the right,⚠ AI 过牌失败（座位 %d）—— 见右侧记录
DDZ_BID_PASS,Pass,不叫
DDZ_BID_N,Bid %d,叫 %d 分
DDZ_BID_1,1,1 分
DDZ_BID_2,2,2 分
DDZ_BID_3,3,3 分
DDZ_BTN_BACK,← Back,← 返回
DDZ_BTN_AUTO_ON,Autoplay: on,托管：开
DDZ_BTN_AUTO_OFF,Autoplay: off,托管：关
DDZ_BTN_SETTINGS,Settings,设置
DDZ_BTN_START,Start Game,开始游戏
DDZ_BTN_AGAIN,Play Again,再来一局
DDZ_BTN_PLAY,Play,出牌
DDZ_BTN_HINT,Hint,提示
DDZ_HINT_N,Hint %d/%d,提示 %d/%d
DDZ_TOAST_NOT_BID,Not your bidding turn,现在不是你的叫分回合
DDZ_TOAST_BID_LOW,Bid must beat the current best (now %d),叫分要高于当前最高分（现在是 %d 分）
DDZ_TOAST_NOT_PLAY,Not your turn to play,还没轮到你出牌
DDZ_TOAST_NO_SEL,Select cards first — press Hint if unsure,先点手牌选牌 —— 不知道出什么就按「提示」
DDZ_TOAST_BAD_TYPE,These cards are not a legal combo,这几张凑不成合法牌型
DDZ_TOAST_NOT_PASS,Not your turn,还没轮到你
DDZ_TOAST_MUST_PLAY,You lead this round — you cannot pass,新一轮由你先出，不能不要
DDZ_TOAST_NOT_HINT,Not your turn to play,现在不是你的出牌回合
DDZ_TOAST_NO_BEAT,Nothing can beat it — you can only pass,没有能压过的牌 —— 只能「不要」
HUD_TRAITS,Traits,羁绊
HUD_PAUSED,‖ Paused,‖ 已暂停
HUD_PAUSED_SUB,Run frozen · controls locked,对局已冻结 · 操作已锁定
HUD_RESUME,▶ Resume,▶ 继续对局
LOG_TITLE,Combat Log,战斗日志
LOG_CAT_ECONOMY,Report,结算
LOG_CAT_LOOT,Loot,拾取
LOG_CAT_EQUIP,Equip,装备
LOG_CAT_SALVAGE,Salvage,打捞
LOG_CAT_HINT,Hint,提示
LOG_CAT_BUY,Buy,购买
LOG_CAT_DEPLOY,Deploy,部署
LOG_CAT_SELL,Sell,出售
LOG_CAT_SYSTEM,System,系统
LOG_CAT_DAMAGE,Damage,损伤
LOG_CAT_BREAK,Layer Broken,破层
LOG_CAT_FIRE,Fire,射击
LOG_CAT_REPAIR,Logistics,后勤
BAR_TITLE,Fleet Command,舰队指挥
BAR_STAGE_DEFAULT,Skirmish,遭遇战
BAR_NODE,Node %d,节点 %d
BAR_BEACON,Beacon,信标
BAR_PHASE_PREP,Prep,准备
BAR_PHASE_BATTLE,Combat,交战
BAR_PHASE_RESOLVE,Report,结算
BAR_LOSS,Loss −%d,战败 −%d
BAR_START,✦ Engage,✦ 开战
BAR_SETTINGS_TIP,Settings (WIP: skybox / display mode),设置（待接入：天空盒切换 / 显示模式）
PREP_TAG_FLEET,Fleet,舰队
PREP_SHIP_STAT,"★%d · Class %d
ATK %d · Hull %d","★%d · 吨位 %d
ATK %d · 结构 %d"
PREP_AUG_STAGE,%s · Choose Augment,%s · 选择增益
PREP_AUG_BTN,Choose Augment,选择增益
PREP_NODE_LINE,Node %d／%d · %s · %s,节点 %d／%d · %s · %s
PREP_AUG_HINT,"Pick 1 of 4 augments — node %s shares this set, already taken ones cannot be picked again",四条增益里选一条 —— 节点 %s 共用这一套，已获取的不能再选
PREP_PICK_ONE,Node %d · pick 1 of %d,节点 %d · %d 选 1
PREP_NO_SHIP,"No ships at all — 「%s」needs one, pick another",一艘船都没有 ——「%s」要指定一艘船，先换一条
PREP_PICK_SHIP,Pick 1 ship — permanent for this run,选 1 艘船 —— 本局永久生效
PREP_NODE_NAME,Node %d · %s,节点 %d · %s
PREP_AUG_FAIL,"This augment did not apply (already taken, or no ship picked) — pick another",这条增益没生效（已获取过，或没选到船）—— 换一条
PREP_RUN_OVER,Run Over,本局结束
PREP_AGAIN,↻ Play Again,↻ 再来一局
BATTLE_NO_DEPLOY,No ships on the field — drag one from the bench,场上一艘船都没有 —— 从备战席拖一艘到棋盘上
BATTLE_NO_SHIP,"No ships at all — buy one in the shop first, then drag it from the bench to the board",一艘船都没有 —— 先在商店买一艘，再从备战席拖到棋盘上
BATTLE_ONGOING,In Combat,交战中
BATTLE_STAGE,%s · In Combat,%s · 交战
BATTLE_START,Engage: %d of ours vs %d of theirs · fight until one side is wiped (damage ramps up after %ds),开战：我方 %d 艘 vs 敌方 %d 艘 · 打到一方全灭为止（%ds 后火力渐增）
BATTLE_ESCALATE,Damage ramping up — incoming damage grows until one side is destroyed or the timer runs out,火力渐增 —— 伤害开始放大，直到一方被击毁或时限归零
BATTLE_RESULT,Report,结算
BATTLE_RESULTING,Reporting…,结算中…
BATTLE_DRAW,Draw,平局
BATTLE_WIN,Interception Successful,拦截成功
BATTLE_LOSE,Interception Failed,拦截失败
BATTLE_LOG,%s（%s）· ours alive %d／%d · beacon −%d (%d left),%s（%s）· 我方存活 %d／%d · 信标 −%d（剩 %d）
BATTLE_FORFEIT_NONE,"Prep time over — no ship deployed, this node is a loss",准备时间结束 —— 未部署任何舰船，本节点判负
BATTLE_FORFEIT_TIMEOUT,"Battle timer hit zero — field not cleared in time, this node is a loss",战斗时限归零 —— 未能在时限内清场，本节点判负
BATTLE_REASON_NONE,Not Deployed,未部署
BATTLE_REASON_TIMEOUT,Time Out,时限耗尽
BATTLE_REASON_WIPED,Our Fleet Wiped,我方全灭
BATTLE_REASON_STALEMATE,Stalemate,僵持收场
BATTLE_REASON_CLEARED,Enemy Wiped,敌方全灭
