船ID,中文名,势力,武器,防御,费用,定位,护盾,装甲/结构,攻击,射程,移速,攻击间隔,后勤
condor,小鹰级,加达里,导弹,盾抗,1,攻击型,20,90,13,3,0.1,10,
bantam,矮脚鸡级,加达里,导弹,盾抗,1,后勤,20,90,12,3,0.1,10,是
kestrel,茶隼级,加达里,导弹,盾抗,1,防御型,29,90,12,3,0.1,10,
incursus,因卡萨斯级,盖伦特,混合炮,甲抗,1,攻击型,20,90,13,2,0.1,10,
tristan,特里斯坦级,盖伦特,混合炮,甲抗,1,防御型,20,103,12,2,0.1,10,
navitas,纳维达斯级,盖伦特,混合炮,甲抗,1,后勤,20,90,12,2,0.1,10,是
slasher,伐木者级,米玛塔尔,射弹炮,盾抗,1,防御型,29,90,12,2,0.1,10,
burst,爆发级,米玛塔尔,射弹炮,盾抗,1,后勤,20,90,12,2,0.1,10,是
rifter,裂谷级,米玛塔尔,射弹炮,盾抗,1,攻击型,20,90,13,2,0.1,10,
punisher,惩罚者级,艾玛,激光炮,甲抗,1,防御型,20,103,12,2,0.1,10,
inquisitor,检察官级,艾玛,激光炮,甲抗,1,后勤,20,90,12,2,0.1,10,是
executioner,磨难级,艾玛,激光炮,甲抗,1,攻击型,20,90,13,2,0.1,10,
cormorant,海燕级,加达里,导弹,盾抗,2,防御型,43,150,22,3,0.08,10,
corax,渡鸦级,加达里,导弹,盾抗,2,攻击型,30,150,25,3,0.08,10,
catalyst,促进级,盖伦特,混合炮,甲抗,2,防御型,30,172,22,2,0.08,10,
algos,阿尔格斯级,盖伦特,混合炮,甲抗,2,攻击型,30,150,25,2,0.08,10,
talwar,弯刀级,米玛塔尔,射弹炮,盾抗,2,防御型,43,150,22,2,0.08,10,
thrasher,长尾鲛级,米玛塔尔,射弹炮,盾抗,2,攻击型,30,150,25,2,0.08,10,
coercer,强制者级,艾玛,激光炮,甲抗,2,攻击型,30,150,25,2,0.08,10,
dragoon,龙骑兵级,艾玛,激光炮,甲抗,2,防御型,30,172,22,2,0.08,10,
moa,巨鸟级,加达里,导弹,盾抗,3,防御型,72,230,35,3,0.06,10,
caracal,狞獾级,加达里,导弹,盾抗,3,攻击型,50,230,40,3,0.06,10,
osprey,鱼鹰级,加达里,导弹,盾抗,3,后勤,50,230,35,3,0.06,10,是
thorax,托勒克斯级,盖伦特,混合炮,甲抗,3,攻击型,50,230,40,2,0.06,10,
vexor,狂怒者级,盖伦特,混合炮,甲抗,3,防御型,50,264,35,2,0.06,10,
exequror,送葬者级,盖伦特,混合炮,甲抗,3,后勤,50,230,35,2,0.06,10,是
stabber,刺客级,米玛塔尔,射弹炮,盾抗,3,攻击型,50,230,40,2,0.06,10,
rupture,断崖级,米玛塔尔,射弹炮,盾抗,3,防御型,72,230,35,2,0.06,10,
scythe,镰刀级,米玛塔尔,射弹炮,盾抗,3,后勤,50,230,35,2,0.06,10,是
omen,启示级,艾玛,激光炮,甲抗,3,防御型,50,264,35,2,0.06,10,
augoror,奥格诺级,艾玛,激光炮,甲抗,3,后勤,50,230,35,2,0.06,10,是
arbitrator,暴君级,艾玛,激光炮,甲抗,3,攻击型,50,230,40,2,0.06,10,
drake,幼龙级,加达里,导弹,盾抗,4,攻击型,70,330,57,3,0.05,10,
ferox,猛鲑级,加达里,导弹,盾抗,4,防御型,101,330,50,3,0.05,10,
brutix,布鲁提克斯级,盖伦特,混合炮,甲抗,4,攻击型,70,330,57,2,0.05,10,
myrmidon,弥尔米顿级,盖伦特,混合炮,甲抗,4,防御型,70,379,50,2,0.05,10,
cyclone,飓风级,米玛塔尔,射弹炮,盾抗,4,攻击型,70,330,57,2,0.05,10,
hurricane,暴风级,米玛塔尔,射弹炮,盾抗,4,防御型,101,330,50,2,0.05,10,
prophecy,先知级,艾玛,激光炮,甲抗,4,攻击型,70,330,57,2,0.05,10,
harbinger,先驱者级,艾玛,激光炮,甲抗,4,防御型,70,379,50,2,0.05,10,
raven,乌鸦级,加达里,导弹,盾抗,5,攻击型,110,490,80,3,0.04,10,
scorpion,毒蝎级,加达里,导弹,盾抗,5,防御型,159,490,70,3,0.04,10,
rokh,鹏鲲级,加达里,导弹,盾抗,5,防御型,174,490,77,3,0.04,10,
megathron,万王宝座级,盖伦特,混合炮,甲抗,5,攻击型,110,490,80,3,0.04,10,
hyperion,亥伯龙神级,盖伦特,混合炮,甲抗,5,防御型,110,619,77,3,0.04,10,
dominix,多米尼克斯级,盖伦特,混合炮,甲抗,5,防御型,110,563,70,3,0.04,10,
typhoon,台风级,米玛塔尔,射弹炮,盾抗,5,防御型,159,490,70,3,0.04,10,
maelstrom,死亡漩涡级,米玛塔尔,射弹炮,盾抗,5,防御型,174,490,77,3,0.04,10,
tempest,狂暴级,米玛塔尔,射弹炮,盾抗,5,攻击型,110,490,80,3,0.04,10,
abaddon,地狱天使级,艾玛,激光炮,甲抗,5,防御型,110,619,77,3,0.04,10,
armageddon,末日沙场级,艾玛,激光炮,甲抗,5,防御型,110,563,70,3,0.04,10,
apocalypse,灾难级,艾玛,激光炮,甲抗,5,攻击型,110,490,80,3,0.04,10,
