组别,羁绊,键,一档阈值,一档效果,二档阈值,二档效果(累计)
派系,艾玛,amarr,2,装甲 +20%,4,装甲 +44% · 激光灼烧 3s
派系,加达里,caldari,2,护盾 +20%,4,护盾 +44% · 导弹溅射
派系,盖伦特,gallente,2,攻击间隔 ×0.85,4,攻击间隔 ×0.85 · 每第 5 次普攻双倍
派系,米玛塔尔,minmatar,2,移速 ×1.2,4,移速 ×1.2 · 射弹炮 15% 闪避
武器,激光炮,laser,3,攻击 ×1.1 · 无视 10% 装甲,6,攻击 ×1.21 · 无视 25% 装甲
武器,混合炮,hybrid,3,攻击 ×1.1 · 命中减速 15%,6,攻击 ×1.21 · 暴击率 25%
武器,射弹炮,projectile,3,攻击 ×1.1 · 暴击 ×1.5(10%),6,攻击 ×1.21 · 命中破甲 −5%×3层
武器,导弹,missile,3,攻击 ×1.1 · 必中，盾拦 50%,6,攻击 ×1.21 · 首击微晕 0.5s
防御,甲抗,armor,3,结构 +150,6,结构 +300 · 每秒回复 5
防御,盾抗,shield,3,护盾 +150,6,护盾 +300 · 破盾 1s 无敌
