节点,类型键,类型,编组ID,power_scale,战斗时限,节点进场词,设计意图
1,battle,遭遇战,pirate_scout,1.0,450 tick = 45s,前方发现两艘散兵级。信号识别为游荡掠夺者。,白送。让玩家赢第一场建立信心。
2,battle,遭遇战,pirate_scout,1.25,450 tick = 45s,同一批掠夺者又回来了 —— 这次它们装填得更足。,同一张脸变强 → 玩家不需要任何文字提示，自己得出「要升级了」。这是全表最聪明的一手。
3,battle,遭遇战,pirate_raider,1.0,450 tick = 45s,三艘舰船呈散兵线展开。这次不是一个方向来的。,第一次 3 艘。三系武器混编，第一次感受武器特效差异。
4,event,事件,,,—,边境信标闪了一下。附近有个废弃中继站。,四选一。给玩家一次喘气和一次决策。
5,elite,精英,elite_vanguard,1.0,550 tick = 55s,旗舰信号 —— 精锐先锋，装甲厚得不像海盗。,Act I 心跳。星级压制 + 甲抗，第一次让 2 星成为必需。奖励为额外星币（装备系统本轮不做）。
6,battle,遭遇战,pirate_raider,1.30,450 tick = 45s,劫掠小队的主力来了。同一套编组，火力更足。,复用 #3 配方，用 power_scale 提难度。
7,battle,遭遇战,pirate_wing,1.0,450 tick = 45s,四艘舰船压上隔离带 —— 掠袭联队。,第一次 4 艘编队。
8,battle,遭遇战,pirate_pack,1.0,450 tick = 45s,全部米玛塔尔船体。它们比你快。,速度压制课。势力 4 → speed×1.2，玩家会被追着绕。
9,elite,精英,elite_sniper,1.0,550 tick = 55s,敌方停在远处，一动不动。它们在等你先进射程。,Act II 心跳。射程压制课：两艘 cost4 战巡 range 3 站 row 0，玩家必须顶着碎石冲进去。
10,event,事件,,,—,信标扫描到一处可回收的补给残骸带。,四选一。
11,battle,遭遇战,pirate_convoy,1.0,450 tick = 45s,护航编队。注意最后排那艘 —— 它在给全队回血。,后勤课：不切后排打不完。教学点第一次出现在这一节点。
12,battle,遭遇战,pirate_battlegroup,1.0,450 tick = 45s,四艘巡洋级，四个势力，四种武器。海盗战群。,全 cost3，进入后期强度。两套羁绊都不触发，纯数值施压。
13,battle,遭遇战,elite_phalanx,1.10,450 tick = 45s,六艘盖伦特方阵，装甲叠加，全队持续回血。,BOSS 前最后压力测试。教玩家「要打穿回复必须集火」。
14,event,事件,,,—,最后一次补给窗口。前方就是海盗王的旗舰信号。,四选一。最后一次补给，之后是 BOSS。
15,boss,BOSS,boss_pirate_lord,1.0,700 tick = 70s,地狱天使级。边境海盗王本人。,通关战。1 艘 cost5 2 星旗舰 + 护卫 + 后勤。
