编号,控件,文案（当前）,动作,可用条件,造价,所在区域,生效阶段
B01,操作-刷新,刷新加速列表,重摇商店 5 槽；挂着的打捞船退回修复队列,非战斗 · 未锁定 · 金币≥2,2 星币,底栏·操作列,准备
B02,操作-锁定,锁定加速列表（右端角标 开/关）,切换 shop_locked；锁定后刷新与回合自动刷新都保留当前槽位,非战斗,免费,底栏·操作列,准备
B03,操作-买经验,加速等级,买 4 点经验（满级后转为超频档 +16/档）,非战斗 · 金币≥4,4 星币,底栏·操作列,准备
B04,右栏-主行动,⚔ 开始战斗 / ▶ 进入事件 / 战斗中... / ✔ 已通关 / ✖ 已撤离,开战；事件节点改为打开四选一面板；终态变为只读,非战斗 · 非终态,免费,右栏·战况窗,准备
B05,底栏-打捞,✦ 打捞 (N) / ✦ 暂无残骸,展开残骸打捞面板,is_battling 或 _ops_locked 时禁用；无残骸时文案变化,见行内,底栏·第4段,准备
B06,弹窗-通用确认,确  定,确认框主按钮,弹窗打开时,免费,居中弹窗,任意
B07,弹窗-通用取消,取 消,确认框次按钮,弹窗打开时,免费,居中弹窗,任意
B08,结算-重打,↻ 再次挑战 BOSS,回到节点 15 准备阶段，还原首战快照编组，节点不推进,结局 = SURVIVED（未击溃 BOSS 但信标>0）,免费,结算页,终态
B09,结算-收尾,结束本局,停表、封盘、出结算,结算页,免费,结算页,终态
B10,事件-选项,「名称 ｜ 类型标签 ｜ 效果说明」×4,应用对应事件效果,事件节点打开面板后,免费,居中弹窗,准备·事件
B11,事件-跳过,跳过事件（什么都不拿）,关闭面板，不做任何结算,事件面板,免费,居中弹窗,准备·事件
B12,事件-延后,✕ 先去打捞（N 艘） / ✕ 稍后决定,收起面板，先处理残骸，之后再进事件,事件面板,免费,居中弹窗,准备·事件
B13,事件-选船页返回,← 返回四选一,从「选 1 艘舰船」页退回选项页,needs_ship 的选项第二步,免费,居中弹窗,准备·事件
B14,事件-选船,「船名 ★N ｜ 位置」×N,把永久增益施加到该舰船,needs_ship 的选项第二步,免费,居中弹窗,准备·事件
B15,打捞-行内下单,打捞,按 salvage_cost 下单，船进修复队列，延迟 1 次刷新到账并占槽位,金币足够,"max(1, ceil(base/2)) 星币",打捞面板行内,准备
B16,打捞-面板关闭,关 闭,收起打捞面板,打捞面板打开时,免费,打捞面板,准备
B17,残骸过期-二次确认,确  定 / 取 消,确认「放任残骸过期」这一不可撤销操作,有将过期残骸时开战/刷新,免费,居中弹窗,准备
I01,棋子拖拽,—,备战席↔棋盘：部署 / 回席 / 挪位；同 id 同星三连自动合成,非战斗中,免费,棋盘 + 底栏备战席,准备
I02,棋子出售,—,把舰船卖回星币（sell_refund_value）,非战斗中,返还星币,棋盘 / 备战席,准备
I03,商店购买,—,点击槽位买船，进备战席；槽位清空,非战斗 · 金币≥cost · 备战席未满,舰船 cost,底栏·加速列表,准备
I04,转台-旋转,—,右键拖动：水平 360° / 俯仰 0.20~1.50 rad,非弹窗 · 非拖棋子,免费,战场区,任意
I05,转台-缩放,—,滚轮：0.35×~3.00×，每档 ×1.12,非弹窗,免费,战场区,任意
I06,转台-复位,—,双击右键：回到默认 46.6355° 视角与 1.0×,非弹窗,免费,战场区,任意
