序号,说话人,台词,切入时间时：分：秒：帧数（00:00:00:00）,结束时间时：分：秒：帧数（00:00:00:00）,幕切入秒
1,片头,,00:00:00:00,00:00:02:18,
2,玩家,暂时未发现敌军踪迹，无异常。,00:00:02:19,00:00:04:07,
3,队长,我还在守着空间站，我方舰队还在后方集结,00:00:04:08,00:00:06:03,
4,玩家,现在这个星系只有我们几个了,00:00:06:04,00:00:07:10,
5,斥候,隐身斥候报告,00:00:07:12,00:00:08:14,
6,斥候,星门另一侧有小股部队集结，大约 80 艘战列以下常规混编,00:00:08:15,00:00:11:10,
7,队长,才这么点，大概率是来拖慢我们节奏的，那就不可能全部进,00:00:11:11,00:00:13:17,
8,玩家,那怎么办，本星系守卫舰队就我还有作战能力了,00:00:13:18,00:00:15:07,
9,队长,你那艘破船也不够看，联盟标配的移动诱导没忘带了吧？,00:00:15:08,00:00:17:20,
10,玩家,不带被发现会被罚款的，来这也是为了挣点盒饭,00:00:17:21,00:00:19:12,
11,队长,带了就好，在几跳外我们舰队也在集结,00:00:19:13,00:00:21:03,
12,队长,你点亮诱导他们就能跳进来，失效前守好信标我给你奖金！,00:00:21:04,00:00:23:02,
13,玩家,那为了星币，干了！,,,